{"name":"Nicole Lara","mail":"nicole@espe.com","id":"1751585926"}
{"name":"Juan Gallardo","mail":"juan@espe.com","id":"1753585927"}
{"name":"Cristian Maranjel","mail":"cristian@espe.com","id":"1759585429"}
{"name":"Nicolas Hidrobo","mail":"nicolas@espe.com","id":"1751577725"}
{"name":"Jhon Smith","mail":"jhon@espe.com","id":"1754585945"}
{"name":"Ricardo","mail":"Lopez","id":"1748256598"}

{"name":"cristian","mail":"test","id":"6789"}
{"name":"dfhgdfgsfg","mail":"d3fgsdfh","id":"124351"}
{"name":"test","mail":"asdgdfgdsfagadfw23@","id":"1234567890"}
{"name":"mongo","mail":"mongoasfd","id":"7438915353"}
