{"orderId":1,"product":[{"name":"Potato Chips","productId":12345,"price":0.75,"description":"Fried Snack","quantity":35},{"name":"Juice","productId":12343,"price":1.0,"description":"Orange or lemon juice","quantity":40}],"costumer":{"name":"Juan Gallardo","mail":"juan@espe.com","id":"1753585927"},"date":"Jan 23, 2021 3:25:23 AM"}
{"orderId":2,"product":[{"name":"Bolon","productId":12341,"price":1.0,"description":"With Chesse or Chicharron","quantity":20}],"costumer":{"name":"Nicole Lara","mail":"nicole@espe.com","id":"1751585926"},"date":"Jan 23, 2021 3:26:56 AM"}
{"orderId":3,"product":[{"name":"Juice","productId":12343,"price":1.0,"description":"Orange or lemon juice","quantity":40}],"costumer":{"name":"Nicolas Hidrobo","mail":"nicolasespe.com","id":"1751577725"},"date":"Jan 23, 2021 3:41:39 AM"}
{"orderId":4,"product":[{"name":"Potato Chips","productId":12345,"price":0.75,"description":"Fried Snack","quantity":35}],"costumer":{"name":"Nicole Lara","mail":"nicole@espe.com","id":"1751585926"},"date":"Jan 23, 2021 3:44:38 AM"}
{"orderId":5,"product":[{"name":"Juice","productId":12343,"price":1.0,"description":"Orange or lemon juice","quantity":40}],"costumer":{"name":"Cristian 2","mail":"cris","id":"1357902468"},"date":"Jan 27, 2021 11:51:11 AM"}
{"orderId":6,"product":[{"name":"Potato Chips","productId":12345,"price":0.75,"description":"Fried Snack","quantity":35}],"costumer":{"name":"cristian","mail":"test","id":"6789"},"date":"Mar 2, 2021 9:48:45 PM"}
{"orderId":7,"product":[{"name":"Apple","productId":12342,"price":0.25,"description":"Red or Green fruit","quantity":25}],"costumer":{"name":"test","mail":"asdgdfgdsfagadfw23@","id":"1234567890"},"date":"Mar 2, 2021 10:00:34 PM"}
{"orderId":8,"product":[{"name":"Potato Chips","productId":12345,"price":0.75,"description":"Fried Snack","quantity":35}],"costumer":{"name":"test","mail":"asdgdfgdsfagadfw23@","id":"1234567890"},"date":"Mar 2, 2021 10:06:51 PM"}
{"orderId":9,"product":[{"name":"Apple","productId":12342,"price":0.25,"description":"Red or Green fruit","quantity":25}],"costumer":{"name":"test","mail":"asdgdfgdsfagadfw23@","id":"1234567890"},"date":"Mar 2, 2021 10:08:22 PM"}
