<?xml version="1.0" encoding="UTF-8"?>
<project-private xmlns="http://www.netbeans.org/ns/project-private/1">
    <editor-bookmarks xmlns="http://www.netbeans.org/ns/editor-bookmarks/2" lastBookmarkId="0"/>
    <open-files xmlns="http://www.netbeans.org/ns/projectui-open-files/2">
        <group>
            <file>file:/D:/u/progra/Programacion%20Orientada%20a%20Objetos/javaProjects/codeProyect/University%20Restaurant%20System%201.7/src/ec/edu/espe/UniversityRestaurantCapacitySystem/model/Cashier.java</file>
            <file>file:/D:/u/progra/Programacion%20Orientada%20a%20Objetos/javaProjects/codeProyect/University%20Restaurant%20System%201.7/src/ec/edu/espe/UniversityRestaurantCapacitySystem/model/Costumer.java</file>
            <file>file:/D:/u/progra/Programacion%20Orientada%20a%20Objetos/javaProjects/codeProyect/University%20Restaurant%20System%201.7/src/ec/edu/espe/UniversityRestaurantCapacitySystem/model/Recipt.java</file>
            <file>file:/D:/u/progra/Programacion%20Orientada%20a%20Objetos/javaProjects/codeProyect/University%20Restaurant%20System%201.7/src/ec/edu/espe/UniversityRestaurantCapacitySystem/model/Inventory.java</file>
            <file>file:/D:/u/progra/Programacion%20Orientada%20a%20Objetos/javaProjects/codeProyect/University%20Restaurant%20System%201.7/src/university/restaurant/capacity/control/view/UniversityRestaurantCapacityControlSystem.java</file>
            <file>file:/D:/u/progra/Programacion%20Orientada%20a%20Objetos/javaProjects/codeProyect/University%20Restaurant%20System%201.7/src/university/restaurant/capacity/control/view/Display.java</file>
            <file>file:/D:/u/progra/Programacion%20Orientada%20a%20Objetos/javaProjects/codeProyect/University%20Restaurant%20System%201.7/src/ec/edu/espe/UniversityRestaurantCapacitySystem/model/Table.java</file>
            <file>file:/D:/u/progra/Programacion%20Orientada%20a%20Objetos/javaProjects/codeProyect/University%20Restaurant%20System%201.7/src/ec/edu/espe/UniversityRestaurantCapacitySystem/controller/Controller.java</file>
            <file>file:/D:/u/progra/Programacion%20Orientada%20a%20Objetos/javaProjects/codeProyect/University%20Restaurant%20System%201.7/src/ec/edu/espe/UniversityRestaurantCapacitySystem/model/Order.java</file>
            <file>file:/D:/u/progra/Programacion%20Orientada%20a%20Objetos/javaProjects/codeProyect/University%20Restaurant%20System%201.7/src/ec/edu/espe/UniversityRestaurantCapacitySystem/model/Product.java</file>
        </group>
    </open-files>
</project-private>
